{
    "mAP_50_95": 0.0004138422241870517,
    "mAP_50": 0.0006875687568756875,
    "mAP_75": 0.0005042170883755042,
    "mAP_small": 0.0,
    "mAP_medium": 0.0007235338918507234,
    "mAP_large": 0.00026127612761276124,
    "AR_1": 0.00024822603866721515,
    "AR_10": 0.0003278829014123132,
    "AR_100": 0.0003278829014123132,
    "AR_small": 0.0,
    "AR_medium": 0.0005875194704049844,
    "AR_large": 0.0002525252525252525
}